{
    "root_group": {
        "checks": {},
        "name": "",
        "path": "",
        "id": "d41d8cd98f00b204e9800998ecf8427e",
        "groups": {}
    },
    "metrics": {
        "http_req_sending": {
            "min": 0,
            "med": 0,
            "max": 12.7411,
            "p(90)": 0,
            "p(95)": 0,
            "avg": 0.02132090385275361
        },
        "vus": {
            "value": 10,
            "min": 10,
            "max": 10
        },
        "http_req_blocked": {
            "avg": 0.031777219442588,
            "min": 0,
            "med": 0,
            "max": 156.7262,
            "p(90)": 0,
            "p(95)": 0
        },
        "http_req_duration{expected_response:true}": {
            "p(95)": 13.052639999999997,
            "avg": 5.235719339631175,
            "min": 0,
            "med": 3.5866,
            "max": 111.3768,
            "p(90)": 10.21098000000001
        },
        "http_reqs": {
            "count": 55363,
            "rate": 1844.9319915139592
        },
        "http_req_duration": {
            "avg": 5.235719339631175,
            "min": 0,
            "med": 3.5866,
            "max": 111.3768,
            "p(90)": 10.21098000000001,
            "p(95)": 13.052639999999997
        },
        "http_req_failed": {
            "passes": 0,
            "fails": 55363,
            "value": 0
        },
        "http_req_connecting": {
            "p(90)": 0,
            "p(95)": 0,
            "avg": 0.0005184455322146561,
            "min": 0,
            "med": 0,
            "max": 8.7227
        },
        "http_req_tls_handshaking": {
            "max": 0,
            "p(90)": 0,
            "p(95)": 0,
            "avg": 0,
            "min": 0,
            "med": 0
        },
        "data_received": {
            "count": 12733490,
            "rate": 424334.3580482106
        },
        "iterations": {
            "count": 55363,
            "rate": 1844.9319915139592
        },
        "vus_max": {
            "value": 10,
            "min": 10,
            "max": 10
        },
        "http_req_waiting": {
            "max": 111.3768,
            "p(90)": 10.053100000000002,
            "p(95)": 12.916239999999997,
            "avg": 5.1206489604971415,
            "min": 0,
            "med": 3.4839
        },
        "http_req_receiving": {
            "p(95)": 0.5365,
            "avg": 0.0937494752813254,
            "min": 0,
            "med": 0,
            "max": 37.609,
            "p(90)": 0.5091
        },
        "iteration_duration": {
            "avg": 5.394234696457931,
            "min": 0,
            "med": 3.704,
            "max": 168.0465,
            "p(90)": 10.407780000000006,
            "p(95)": 13.215289999999998
        },
        "data_sent": {
            "count": 4650492,
            "rate": 154974.28728717257
        }
    }
}